chunk	crs	crs_generator	read	readFile
5000000	50	51.94	12.205	954.3
10000000	53.485	61.97	15.004999999999999	961.4
15000000	64.01	78.365	19.365000000000002	960
20000000	81.43	85.84	24.05	959.4
25000000	100.3	90.30000000000001	28.93	954.1
30000000	91.03	101.15	33.2	959.7