chunk	crs	crs_generator	read	readFile
5000000	39.36229015397074	33.30878553778675	7.913371859300347	10.04044196130629
10000000	31.443101032681213	29.73117948379442	3.93887959313234	4.168821584165652
15000000	29.985515620332695	24.209040648777112	4.2593720921459	7.346291469129991
20000000	23.21299158002726	25.192635921337835	3.5557110327166828	0.5197055955862453
25000000	22.29444702242844	20.77490109030858	2.913022689397292	0.7792644674161997
30000000	25.284878249937265	22.421862144820146	2.7984960312528844	0.18280485039411784